cohort,0,1,2,3,4,5,6,7,8,9,10,11,12,13,14,15,16,17,18,19,20,21,22,23,24,25,26,27,28,29,30,31,32
2024-01,1.0,0.115,0.192,0.269,0.269,0.192,0.115,0.192,0.115,0.154,0.115,0.077,0.077,0.115,0.077,0.077,0.115,0.154,0.038,0.038,0.077,0.077,0.038,0.038,0.077,0.154,0.038,0.115,0.115,0.077,0.231,0.0,0.115
2024-02,1.0,0.125,0.156,0.062,0.188,0.156,0.156,0.125,0.125,0.219,0.062,0.156,0.125,0.188,0.156,0.094,0.094,0.062,0.094,0.062,0.125,0.219,0.094,0.188,0.125,0.062,0.156,0.094,0.094,0.125,0.219,0.031,0.0
2024-03,1.0,0.121,0.182,0.0,0.212,0.091,0.152,0.152,0.061,0.121,0.121,0.121,0.091,0.152,0.091,0.152,0.152,0.242,0.061,0.182,0.121,0.212,0.121,0.03,0.091,0.03,0.152,0.061,0.152,0.03,0.03,0.0,0.0
2024-04,1.0,0.29,0.097,0.258,0.226,0.161,0.194,0.097,0.097,0.097,0.161,0.097,0.226,0.032,0.065,0.129,0.129,0.032,0.129,0.065,0.161,0.097,0.097,0.097,0.161,0.065,0.097,0.129,0.097,0.065,0.0,0.0,0.0
2024-05,1.0,0.2,0.16,0.0,0.12,0.12,0.2,0.12,0.12,0.04,0.16,0.04,0.2,0.24,0.04,0.12,0.16,0.16,0.12,0.04,0.12,0.16,0.12,0.04,0.04,0.08,0.08,0.08,0.16,0.0,0.0,0.0,0.0
2024-06,1.0,0.231,0.115,0.154,0.192,0.115,0.154,0.154,0.192,0.115,0.154,0.115,0.154,0.115,0.192,0.077,0.231,0.115,0.0,0.077,0.154,0.0,0.115,0.154,0.115,0.077,0.077,0.115,0.0,0.0,0.0,0.0,0.0
2024-07,1.0,0.174,0.087,0.087,0.043,0.217,0.087,0.087,0.13,0.13,0.087,0.087,0.087,0.087,0.087,0.043,0.174,0.087,0.087,0.13,0.043,0.13,0.043,0.087,0.087,0.087,0.087,0.0,0.0,0.0,0.0,0.0,0.0
2024-08,1.0,0.111,0.556,0.111,0.056,0.111,0.0,0.111,0.167,0.056,0.056,0.056,0.167,0.167,0.111,0.056,0.111,0.056,0.222,0.167,0.167,0.0,0.111,0.056,0.111,0.056,0.0,0.0,0.0,0.0,0.0,0.0,0.0
2024-09,1.0,0.227,0.273,0.136,0.136,0.182,0.182,0.182,0.136,0.136,0.0,0.182,0.136,0.0,0.0,0.045,0.091,0.182,0.0,0.136,0.045,0.091,0.045,0.136,0.045,0.0,0.0,0.0,0.0,0.0,0.0,0.0,0.0
2024-10,1.0,0.08,0.16,0.12,0.16,0.24,0.08,0.12,0.08,0.04,0.12,0.2,0.12,0.08,0.04,0.12,0.04,0.12,0.08,0.0,0.16,0.08,0.12,0.12,0.0,0.0,0.0,0.0,0.0,0.0,0.0,0.0,0.0
2024-11,1.0,0.2,0.114,0.171,0.171,0.2,0.171,0.229,0.057,0.229,0.114,0.143,0.114,0.2,0.086,0.143,0.229,0.086,0.143,0.057,0.171,0.171,0.086,0.0,0.0,0.0,0.0,0.0,0.0,0.0,0.0,0.0,0.0
2024-12,1.0,0.333,0.167,0.125,0.167,0.125,0.167,0.167,0.125,0.125,0.125,0.167,0.042,0.083,0.042,0.167,0.083,0.083,0.208,0.042,0.083,0.125,0.0,0.0,0.0,0.0,0.0,0.0,0.0,0.0,0.0,0.0,0.0
2025-01,1.0,0.171,0.057,0.143,0.171,0.143,0.171,0.114,0.143,0.2,0.057,0.171,0.143,0.143,0.143,0.057,0.086,0.114,0.143,0.143,0.029,0.0,0.0,0.0,0.0,0.0,0.0,0.0,0.0,0.0,0.0,0.0,0.0
2025-02,1.0,0.138,0.172,0.069,0.207,0.069,0.103,0.207,0.172,0.138,0.172,0.103,0.069,0.207,0.138,0.069,0.069,0.172,0.172,0.103,0.0,0.0,0.0,0.0,0.0,0.0,0.0,0.0,0.0,0.0,0.0,0.0,0.0
2025-03,1.0,0.1,0.167,0.133,0.233,0.2,0.167,0.1,0.133,0.1,0.1,0.1,0.167,0.067,0.1,0.2,0.1,0.1,0.167,0.0,0.0,0.0,0.0,0.0,0.0,0.0,0.0,0.0,0.0,0.0,0.0,0.0,0.0
2025-04,1.0,0.115,0.115,0.0,0.115,0.115,0.115,0.154,0.154,0.154,0.154,0.0,0.0,0.038,0.077,0.115,0.077,0.115,0.0,0.0,0.0,0.0,0.0,0.0,0.0,0.0,0.0,0.0,0.0,0.0,0.0,0.0,0.0
2025-05,1.0,0.069,0.207,0.069,0.138,0.172,0.207,0.103,0.241,0.172,0.138,0.103,0.172,0.172,0.207,0.103,0.103,0.0,0.0,0.0,0.0,0.0,0.0,0.0,0.0,0.0,0.0,0.0,0.0,0.0,0.0,0.0,0.0
2025-06,1.0,0.133,0.3,0.167,0.267,0.133,0.133,0.2,0.133,0.033,0.033,0.133,0.1,0.067,0.0,0.1,0.0,0.0,0.0,0.0,0.0,0.0,0.0,0.0,0.0,0.0,0.0,0.0,0.0,0.0,0.0,0.0,0.0
2025-07,1.0,0.185,0.074,0.148,0.037,0.037,0.148,0.037,0.111,0.148,0.259,0.148,0.185,0.111,0.0,0.0,0.0,0.0,0.0,0.0,0.0,0.0,0.0,0.0,0.0,0.0,0.0,0.0,0.0,0.0,0.0,0.0,0.0
2025-08,1.0,0.097,0.387,0.258,0.355,0.161,0.194,0.161,0.387,0.065,0.194,0.129,0.065,0.065,0.0,0.0,0.0,0.0,0.0,0.0,0.0,0.0,0.0,0.0,0.0,0.0,0.0,0.0,0.0,0.0,0.0,0.0,0.0
2025-09,1.0,0.212,0.273,0.212,0.152,0.121,0.182,0.212,0.091,0.152,0.091,0.061,0.121,0.0,0.0,0.0,0.0,0.0,0.0,0.0,0.0,0.0,0.0,0.0,0.0,0.0,0.0,0.0,0.0,0.0,0.0,0.0,0.0
2025-10,1.0,0.074,0.185,0.259,0.148,0.148,0.037,0.148,0.185,0.148,0.111,0.037,0.0,0.0,0.0,0.0,0.0,0.0,0.0,0.0,0.0,0.0,0.0,0.0,0.0,0.0,0.0,0.0,0.0,0.0,0.0,0.0,0.0
2025-11,1.0,0.143,0.071,0.214,0.214,0.107,0.179,0.071,0.107,0.107,0.143,0.0,0.0,0.0,0.0,0.0,0.0,0.0,0.0,0.0,0.0,0.0,0.0,0.0,0.0,0.0,0.0,0.0,0.0,0.0,0.0,0.0,0.0
2025-12,1.0,0.3,0.2,0.267,0.1,0.067,0.1,0.233,0.1,0.233,0.0,0.0,0.0,0.0,0.0,0.0,0.0,0.0,0.0,0.0,0.0,0.0,0.0,0.0,0.0,0.0,0.0,0.0,0.0,0.0,0.0,0.0,0.0
2026-01,1.0,0.105,0.184,0.158,0.105,0.132,0.158,0.184,0.053,0.0,0.0,0.0,0.0,0.0,0.0,0.0,0.0,0.0,0.0,0.0,0.0,0.0,0.0,0.0,0.0,0.0,0.0,0.0,0.0,0.0,0.0,0.0,0.0
2026-02,1.0,0.154,0.115,0.154,0.154,0.192,0.231,0.269,0.0,0.0,0.0,0.0,0.0,0.0,0.0,0.0,0.0,0.0,0.0,0.0,0.0,0.0,0.0,0.0,0.0,0.0,0.0,0.0,0.0,0.0,0.0,0.0,0.0
2026-03,1.0,0.043,0.217,0.348,0.304,0.217,0.043,0.0,0.0,0.0,0.0,0.0,0.0,0.0,0.0,0.0,0.0,0.0,0.0,0.0,0.0,0.0,0.0,0.0,0.0,0.0,0.0,0.0,0.0,0.0,0.0,0.0,0.0
2026-04,1.0,0.222,0.407,0.259,0.259,0.111,0.0,0.0,0.0,0.0,0.0,0.0,0.0,0.0,0.0,0.0,0.0,0.0,0.0,0.0,0.0,0.0,0.0,0.0,0.0,0.0,0.0,0.0,0.0,0.0,0.0,0.0,0.0
2026-05,1.0,0.061,0.212,0.333,0.121,0.0,0.0,0.0,0.0,0.0,0.0,0.0,0.0,0.0,0.0,0.0,0.0,0.0,0.0,0.0,0.0,0.0,0.0,0.0,0.0,0.0,0.0,0.0,0.0,0.0,0.0,0.0,0.0
2026-06,1.0,0.227,0.091,0.227,0.0,0.0,0.0,0.0,0.0,0.0,0.0,0.0,0.0,0.0,0.0,0.0,0.0,0.0,0.0,0.0,0.0,0.0,0.0,0.0,0.0,0.0,0.0,0.0,0.0,0.0,0.0,0.0,0.0
2026-07,1.0,0.111,0.037,0.0,0.0,0.0,0.0,0.0,0.0,0.0,0.0,0.0,0.0,0.0,0.0,0.0,0.0,0.0,0.0,0.0,0.0,0.0,0.0,0.0,0.0,0.0,0.0,0.0,0.0,0.0,0.0,0.0,0.0
2026-08,1.0,0.138,0.0,0.0,0.0,0.0,0.0,0.0,0.0,0.0,0.0,0.0,0.0,0.0,0.0,0.0,0.0,0.0,0.0,0.0,0.0,0.0,0.0,0.0,0.0,0.0,0.0,0.0,0.0,0.0,0.0,0.0,0.0
