customer_id,last,frequency,monetary,recency,R,F,M,segment
C0000,2024-02-25,1,103.16,946,1,1,1,Hibernating
C0001,2026-08-21,16,2153.01,38,5,5,5,Champions
C0002,2026-08-24,1,163.28,35,5,1,1,New / promising
C0003,2025-11-10,8,1488.95,322,2,5,5,Can't lose
C0004,2026-04-11,2,508.15999999999997,170,3,2,3,Needs attention
C0005,2025-07-16,2,302.15999999999997,439,2,2,2,Hibernating
C0006,2025-02-07,6,874.96,598,1,5,4,Can't lose
C0007,2026-06-07,3,1204.35,113,4,3,5,Loyal
C0008,2026-09-09,8,1064.0900000000001,19,5,5,4,Champions
C0009,2024-10-14,2,513.7,714,1,2,3,Hibernating
C0010,2026-09-26,3,589.8,2,5,3,3,Loyal
C0011,2026-07-05,2,179.95999999999998,85,4,2,2,New / promising
C0012,2025-02-02,4,405.34999999999997,603,1,4,3,Can't lose
C0013,2026-07-04,2,370.67999999999995,86,4,2,3,New / promising
C0014,2025-11-05,1,432.0,327,2,1,3,Hibernating
C0015,2026-09-12,9,1950.3999999999999,16,5,5,5,Champions
C0016,2024-07-13,1,667.28,807,1,1,4,Hibernating
C0017,2024-07-13,1,146.95,807,1,1,1,Hibernating
C0018,2026-05-12,1,153.78,139,3,1,1,Needs attention
C0019,2025-03-19,3,496.06999999999994,558,1,3,3,At risk
C0020,2026-01-31,4,1422.87,240,2,4,5,Can't lose
C0021,2026-07-08,2,256.56,82,4,2,2,New / promising
C0022,2025-04-08,1,11.01,538,1,1,1,Hibernating
C0023,2025-01-30,1,366.68,606,1,1,3,Hibernating
C0024,2024-04-05,1,230.92,906,1,1,2,Hibernating
C0025,2024-06-04,1,53.69,846,1,1,1,Hibernating
C0026,2025-11-26,2,303.36,306,2,2,2,Hibernating
C0027,2026-04-01,2,191.4,180,3,2,2,Needs attention
C0028,2024-12-18,1,108.69,649,1,1,1,Hibernating
C0029,2026-08-13,16,2354.29,46,5,5,5,Champions
C0030,2026-03-14,4,1123.25,198,3,4,4,Loyal
C0031,2025-06-23,1,182.63,462,2,1,2,Hibernating
C0032,2024-11-27,1,87.94,670,1,1,1,Hibernating
C0033,2026-07-27,8,1716.31,63,4,5,5,Champions
C0034,2026-08-24,4,1107.0,35,5,4,4,Champions
C0035,2026-09-03,7,928.74,25,5,5,4,Champions
C0036,2026-09-11,11,3557.0099999999998,17,5,5,5,Champions
C0037,2026-09-04,7,764.6899999999999,24,5,5,4,Champions
C0038,2026-06-18,3,301.32,102,4,3,2,Loyal
C0039,2026-05-24,1,62.26,127,3,1,1,Needs attention
C0040,2025-03-06,1,143.82,571,1,1,1,Hibernating
C0041,2026-06-04,1,158.78,116,4,1,1,New / promising
C0042,2025-11-25,1,201.05,307,2,1,2,Hibernating
C0043,2025-02-13,1,68.23,592,1,1,1,Hibernating
C0044,2025-07-08,1,180.39,447,2,1,2,Hibernating
C0045,2026-06-19,2,96.63,101,4,2,1,New / promising
C0046,2026-08-23,2,180.51999999999998,36,5,2,2,New / promising
C0047,2024-06-21,1,62.66,829,1,1,1,Hibernating
C0048,2025-04-22,1,107.63,524,1,1,1,Hibernating
C0049,2026-07-05,1,138.76,85,4,1,1,New / promising
C0050,2026-03-02,3,832.44,210,3,3,4,Loyal
C0051,2024-10-12,2,264.22,716,1,2,2,Hibernating
C0052,2026-02-14,2,100.6,226,3,2,1,Needs attention
C0053,2026-02-22,9,983.46,218,3,5,4,Loyal
C0054,2026-06-14,2,253.65,106,4,2,2,New / promising
C0055,2026-06-17,2,174.60999999999999,103,4,2,1,New / promising
C0056,2025-08-12,2,595.13,412,2,2,3,Hibernating
C0057,2024-09-04,7,1398.68,754,1,5,5,Can't lose
C0058,2024-09-26,1,38.16,732,1,1,1,Hibernating
C0059,2024-07-27,1,304.25,793,1,1,2,Hibernating
C0060,2026-03-26,2,245.5,186,3,2,2,Needs attention
C0061,2026-08-06,4,1275.53,53,4,4,5,Champions
C0062,2026-03-29,11,2111.84,183,3,5,5,Loyal
C0063,2025-01-04,1,308.79,632,1,1,2,Hibernating
C0064,2026-05-30,5,982.94,121,3,4,4,Loyal
C0065,2026-07-12,2,289.45,78,4,2,2,New / promising
C0066,2026-07-09,4,581.85,81,4,4,3,Champions
C0067,2026-01-18,14,3518.94,253,2,5,5,Can't lose
C0068,2025-03-19,1,158.18,558,1,1,1,Hibernating
C0069,2026-04-30,10,2406.24,151,3,5,5,Loyal
C0070,2025-12-05,4,761.12,297,2,4,4,Can't lose
C0071,2026-09-27,2,128.32999999999998,1,5,2,1,New / promising
C0072,2026-06-02,5,618.66,118,3,4,3,Loyal
C0073,2026-05-18,14,2088.85,133,3,5,5,Loyal
C0074,2026-03-29,1,230.75,183,3,1,2,Needs attention
C0075,2026-09-01,8,900.01,27,5,5,4,Champions
C0076,2026-05-23,4,1152.13,128,3,4,4,Loyal
C0077,2026-07-26,1,274.16,64,4,1,2,New / promising
C0078,2026-03-31,4,897.03,181,3,4,4,Loyal
C0079,2026-09-22,2,801.79,6,5,2,4,New / promising
C0080,2026-09-27,11,2705.2200000000003,1,5,5,5,Champions
C0081,2026-07-25,7,1420.1599999999999,65,4,5,5,Champions
C0082,2025-09-13,1,385.08,380,2,1,3,Hibernating
C0083,2024-04-29,2,496.55,882,1,2,3,Hibernating
C0084,2025-11-16,4,544.8199999999999,316,2,4,3,Can't lose
C0085,2025-10-10,3,429.47,353,2,3,3,At risk
C0086,2026-07-24,4,873.1,66,4,4,4,Champions
C0087,2026-06-25,1,123.6,95,4,1,1,New / promising
C0088,2026-08-28,3,408.87,31,5,3,3,Loyal
C0089,2026-08-07,8,1682.8799999999999,52,4,5,5,Champions
C0090,2026-06-15,3,397.82000000000005,105,4,3,3,Loyal
C0091,2026-08-30,8,765.58,29,5,5,4,Champions
C0092,2026-07-09,4,644.37,81,4,4,3,Champions
C0093,2025-08-16,1,370.93,408,2,1,3,Hibernating
C0094,2026-07-11,5,797.76,79,4,4,4,Champions
C0095,2026-04-24,2,379.19,157,3,2,3,Needs attention
C0096,2026-01-09,5,462.7,262,2,4,3,Can't lose
C0097,2025-09-05,2,285.1,388,2,2,2,Hibernating
C0098,2026-08-22,15,3433.41,37,5,5,5,Champions
C0099,2025-11-04,2,397.21,328,2,2,3,Hibernating
C0100,2026-07-30,1,345.45,60,4,1,2,New / promising
C0101,2024-05-24,2,245.68,857,1,2,2,Hibernating
C0102,2025-12-27,6,849.74,275,2,5,4,Can't lose
C0103,2026-09-12,9,1654.73,16,5,5,5,Champions
C0104,2026-09-27,2,462.64,1,5,2,3,New / promising
C0105,2024-07-22,1,302.1,798,1,1,2,Hibernating
C0106,2026-01-13,2,724.41,258,2,2,4,Hibernating
C0107,2026-08-21,1,56.96,38,5,1,1,New / promising
C0108,2026-06-25,2,224.60000000000002,95,4,2,2,New / promising
C0109,2025-05-24,5,1054.04,492,1,4,4,Can't lose
C0110,2026-09-14,5,794.02,14,5,4,4,Champions
C0111,2026-07-14,4,833.8399999999999,76,4,4,4,Champions
C0112,2026-09-08,4,1079.72,20,5,4,4,Champions
C0113,2026-05-28,2,706.8199999999999,123,3,2,4,Needs attention
C0114,2025-10-19,2,312.46000000000004,344,2,2,2,Hibernating
C0115,2026-03-21,3,353.37,191,3,3,3,Loyal
C0116,2026-01-29,2,183.32999999999998,242,2,2,2,Hibernating
C0117,2026-08-04,1,81.06,55,4,1,1,New / promising
C0118,2026-05-03,10,2656.42,148,3,5,5,Loyal
C0119,2026-04-23,2,87.62,158,3,2,1,Needs attention
C0120,2024-09-04,1,44.79,754,1,1,1,Hibernating
C0121,2025-09-04,1,113.21,389,2,1,1,Hibernating
C0122,2025-03-02,3,521.3199999999999,575,1,3,3,At risk
C0123,2025-10-17,2,297.69,346,2,2,2,Hibernating
C0124,2026-01-14,1,319.12,257,2,1,2,Hibernating
C0125,2025-08-17,3,2145.98,407,2,3,5,At risk
C0126,2026-06-18,4,372.05,102,4,4,3,Champions
C0127,2026-09-17,13,2910.37,11,5,5,5,Champions
C0128,2024-07-06,2,282.27,814,1,2,2,Hibernating
C0129,2025-11-23,5,1805.5,309,2,4,5,Can't lose
C0130,2026-09-03,4,1620.49,25,5,4,5,Champions
C0131,2025-04-01,1,69.81,545,1,1,1,Hibernating
C0132,2024-04-21,1,100.49,890,1,1,1,Hibernating
C0133,2026-06-25,2,1378.7,95,4,2,5,New / promising
C0134,2025-12-22,4,575.8299999999999,280,2,4,3,Can't lose
C0135,2026-07-13,8,1908.2,77,4,5,5,Champions
C0136,2026-06-01,3,725.74,119,3,3,4,Loyal
C0137,2024-05-19,1,32.63,862,1,1,1,Hibernating
C0138,2026-07-28,1,169.64,62,4,1,1,New / promising
C0139,2026-07-13,2,833.3399999999999,77,4,2,4,New / promising
C0140,2026-04-15,1,147.69,166,3,1,1,Needs attention
C0141,2025-12-12,6,2367.7799999999997,290,2,5,5,Can't lose
C0142,2025-07-11,1,251.55,444,2,1,2,Hibernating
C0143,2026-05-17,3,555.2,134,3,3,3,Loyal
C0144,2026-05-25,11,1794.4299999999998,126,3,5,5,Loyal
C0145,2024-08-30,1,75.12,759,1,1,1,Hibernating
C0146,2025-09-17,2,354.16999999999996,376,2,2,3,Hibernating
C0147,2026-07-14,4,420.57,76,4,4,3,Champions
C0148,2026-06-25,4,363.46999999999997,95,4,4,3,Champions
C0149,2025-05-23,2,713.37,493,1,2,4,Hibernating
C0150,2025-09-01,4,582.11,392,2,4,3,Can't lose
C0151,2024-02-07,2,457.81,964,1,2,3,Hibernating
C0152,2026-09-17,12,1422.4,11,5,5,5,Champions
C0153,2026-09-01,6,1337.4099999999999,27,5,5,5,Champions
C0154,2024-06-29,4,326.76,821,1,4,2,Can't lose
C0155,2026-03-01,2,373.67,211,3,2,3,Needs attention
C0156,2026-05-08,1,384.66,143,3,1,3,Needs attention
C0157,2026-07-07,1,286.38,83,4,1,2,New / promising
C0158,2026-08-28,1,325.34,31,5,1,2,New / promising
C0159,2026-05-08,3,1129.1599999999999,143,3,3,4,Loyal
C0160,2025-02-11,2,142.51,594,1,2,1,Hibernating
C0161,2026-07-22,5,853.5799999999999,68,4,4,4,Champions
C0162,2026-04-22,7,617.11,159,3,5,3,Loyal
C0163,2026-07-22,11,2285.66,68,4,5,5,Champions
C0164,2024-04-14,1,119.27,897,1,1,1,Hibernating
C0165,2026-08-12,12,2690.47,47,5,5,5,Champions
C0166,2026-09-15,6,1664.08,13,5,5,5,Champions
C0167,2026-07-14,2,185.75,76,4,2,2,New / promising
C0168,2025-02-04,4,1039.82,601,1,4,4,Can't lose
C0169,2026-05-04,2,282.83,147,3,2,2,Needs attention
C0170,2026-06-19,2,872.42,101,4,2,4,New / promising
C0171,2026-08-13,1,138.45,46,5,1,1,New / promising
C0172,2026-09-22,6,674.28,6,5,5,4,Champions
C0173,2025-04-22,2,335.59,524,1,2,2,Hibernating
C0174,2024-05-13,3,294.6,868,1,3,2,At risk
C0175,2026-03-22,5,1169.1499999999999,190,3,4,5,Loyal
C0176,2026-08-06,1,152.16,53,4,1,1,New / promising
C0177,2026-08-07,4,685.15,52,4,4,4,Champions
C0178,2026-07-22,2,583.0899999999999,68,4,2,3,New / promising
C0179,2025-06-26,3,264.34000000000003,459,2,3,2,At risk
C0180,2026-08-16,1,278.7,43,5,1,2,New / promising
C0181,2025-07-10,2,304.21999999999997,445,2,2,2,Hibernating
C0182,2025-02-13,1,179.18,592,1,1,2,Hibernating
C0183,2026-08-11,1,402.56,48,5,1,3,New / promising
C0184,2026-08-03,3,521.4100000000001,56,4,3,3,Loyal
C0185,2025-05-11,1,101.36,505,1,1,1,Hibernating
C0186,2025-10-19,2,266.75,344,2,2,2,Hibernating
C0187,2026-02-26,2,702.5,214,3,2,4,Needs attention
C0188,2024-04-10,3,735.67,901,1,3,4,At risk
C0189,2025-07-18,3,254.15999999999997,437,2,3,2,At risk
C0190,2025-06-02,1,110.92,483,1,1,1,Hibernating
C0191,2026-06-18,8,1738.7400000000002,102,4,5,5,Champions
C0192,2026-07-27,3,332.82,63,4,3,2,Loyal
C0193,2025-10-30,1,137.77,333,2,1,1,Hibernating
C0194,2026-09-01,4,491.81,27,5,4,3,Champions
C0195,2026-03-14,6,2424.89,198,3,5,5,Loyal
C0196,2026-08-29,8,2409.2200000000003,30,5,5,5,Champions
C0197,2026-04-11,2,118.92,170,3,2,1,Needs attention
C0198,2025-10-19,1,84.14,344,2,1,1,Hibernating
C0199,2024-09-17,2,248.76,741,1,2,2,Hibernating
C0200,2026-08-07,18,4383.1,52,4,5,5,Champions
C0201,2025-04-20,1,325.26,526,1,1,2,Hibernating
C0202,2026-03-31,9,2439.37,181,3,5,5,Loyal
C0203,2026-05-30,6,1733.2900000000002,121,3,5,5,Loyal
C0204,2024-05-21,2,347.81,860,1,2,2,Hibernating
C0205,2026-07-07,3,344.02,83,4,3,2,Loyal
C0206,2026-09-14,4,880.9300000000001,14,5,4,4,Champions
C0207,2026-09-25,5,1319.3200000000002,3,5,4,5,Champions
C0208,2024-08-08,2,265.81,781,1,2,2,Hibernating
C0209,2024-11-10,2,289.11,687,1,2,2,Hibernating
C0210,2024-12-25,1,383.96,642,1,1,3,Hibernating
C0211,2024-10-27,2,394.71,701,1,2,3,Hibernating
C0212,2026-09-18,8,2334.37,10,5,5,5,Champions
C0213,2025-02-15,2,1519.2099999999998,590,1,2,5,Hibernating
C0214,2025-09-15,2,559.52,378,2,2,3,Hibernating
C0215,2026-09-21,2,204.46,7,5,2,2,New / promising
C0216,2025-11-25,1,158.33,307,2,1,1,Hibernating
C0217,2026-02-03,3,341.15999999999997,237,2,3,2,At risk
C0218,2025-06-25,1,63.66,460,2,1,1,Hibernating
C0219,2026-05-14,1,76.97,137,3,1,1,Needs attention
C0220,2026-05-12,2,186.55,139,3,2,2,Needs attention
C0221,2026-07-16,4,756.59,74,4,4,4,Champions
C0222,2025-09-16,2,613.2,377,2,2,3,Hibernating
C0223,2025-03-28,2,145.06,549,1,2,1,Hibernating
C0224,2026-07-12,2,944.37,78,4,2,4,New / promising
C0225,2026-05-18,5,550.62,133,3,4,3,Loyal
C0226,2026-09-24,3,581.1400000000001,4,5,3,3,Loyal
C0227,2026-03-07,1,137.17,205,3,1,1,Needs attention
C0228,2026-02-23,2,172.96,217,3,2,1,Needs attention
C0229,2024-07-10,1,313.12,810,1,1,2,Hibernating
C0230,2026-06-03,6,1776.9099999999999,117,3,5,5,Loyal
C0231,2024-05-01,1,796.45,880,1,1,4,Hibernating
C0232,2024-02-14,1,687.75,957,1,1,4,Hibernating
C0233,2025-07-17,1,26.76,438,2,1,1,Hibernating
C0234,2026-08-08,3,662.1,51,4,3,4,Loyal
C0235,2025-06-04,1,91.18,481,1,1,1,Hibernating
C0236,2025-07-23,1,157.2,432,2,1,1,Hibernating
C0237,2025-04-09,2,525.79,537,1,2,3,Hibernating
C0238,2026-07-25,2,215.25,65,4,2,2,New / promising
C0239,2024-07-18,2,280.76,802,1,2,2,Hibernating
C0240,2024-09-27,1,120.65,731,1,1,1,Hibernating
C0241,2025-09-30,4,1201.92,363,2,4,5,Can't lose
C0242,2026-06-06,6,859.09,114,4,5,4,Champions
C0243,2026-09-27,2,362.24,1,5,2,3,New / promising
C0244,2026-09-27,6,1250.04,1,5,5,5,Champions
C0245,2026-02-12,5,1261.46,228,3,4,5,Loyal
C0246,2026-02-08,2,895.44,232,3,2,4,Needs attention
C0247,2025-01-13,3,746.35,623,1,3,4,At risk
C0248,2026-02-05,1,222.29,235,3,1,2,Needs attention
C0249,2026-09-07,4,867.26,21,5,4,4,Champions
C0250,2026-05-27,6,2446.2999999999997,124,3,5,5,Loyal
C0251,2026-07-04,1,342.25,86,4,1,2,New / promising
C0252,2024-03-08,1,124.96,934,1,1,1,Hibernating
C0253,2025-07-02,3,661.56,453,2,3,4,At risk
C0254,2024-12-02,1,679.67,665,1,1,4,Hibernating
C0255,2025-02-08,2,305.96,597,1,2,2,Hibernating
C0256,2026-05-11,1,238.83,140,3,1,2,Needs attention
C0257,2025-02-14,1,38.27,591,1,1,1,Hibernating
C0258,2026-03-30,2,211.28,182,3,2,2,Needs attention
C0259,2026-04-23,3,341.27,158,3,3,2,Loyal
C0260,2025-12-22,2,185.89,280,2,2,2,Hibernating
C0261,2025-03-05,1,87.81,572,1,1,1,Hibernating
C0262,2026-02-21,5,2403.7000000000003,219,3,4,5,Loyal
C0263,2025-10-01,3,719.25,362,2,3,4,At risk
C0264,2025-10-06,4,667.22,357,2,4,4,Can't lose
C0265,2026-02-03,6,1265.46,237,2,5,5,Can't lose
C0266,2026-05-20,4,480.76,131,3,4,3,Loyal
C0267,2024-04-29,1,50.79,882,1,1,1,Hibernating
C0268,2025-09-14,6,852.56,379,2,5,4,Can't lose
C0269,2026-09-08,3,892.0,20,5,3,4,Loyal
C0270,2026-04-25,5,1034.51,156,3,4,4,Loyal
C0271,2026-03-20,3,457.45,192,3,3,3,Loyal
C0272,2026-02-01,1,98.78,239,2,1,1,Hibernating
C0273,2025-06-20,1,17.02,465,2,1,1,Hibernating
C0274,2026-03-15,5,2231.7599999999998,197,3,4,5,Loyal
C0275,2024-11-01,1,44.15,696,1,1,1,Hibernating
C0276,2026-01-01,4,408.14,270,2,4,3,Can't lose
C0277,2026-08-31,3,687.24,28,5,3,4,Loyal
C0278,2026-08-19,3,675.25,40,5,3,4,Loyal
C0279,2024-05-22,1,94.16,859,1,1,1,Hibernating
C0280,2026-09-02,8,2113.69,26,5,5,5,Champions
C0281,2026-02-18,3,797.7,222,3,3,4,Loyal
C0282,2026-03-21,1,121.59,191,3,1,1,Needs attention
C0283,2025-11-09,3,292.26,323,2,3,2,At risk
C0284,2026-07-26,14,3069.17,64,4,5,5,Champions
C0285,2026-01-19,8,870.36,252,2,5,4,Can't lose
C0286,2024-09-21,3,1029.8600000000001,737,1,3,4,At risk
C0287,2026-07-01,3,1775.53,89,4,3,5,Loyal
C0288,2026-08-13,1,170.89,46,5,1,1,New / promising
C0289,2026-07-28,2,159.25,62,4,2,1,New / promising
C0290,2026-07-25,1,780.46,65,4,1,4,New / promising
C0291,2026-08-27,12,2050.0299999999997,32,5,5,5,Champions
C0292,2026-02-05,6,849.8299999999999,235,3,5,4,Loyal
C0293,2026-03-19,2,1496.54,193,3,2,5,Needs attention
C0294,2026-04-09,1,69.47,172,3,1,1,Needs attention
C0295,2026-07-06,7,1086.6499999999999,84,4,5,4,Champions
C0296,2026-07-17,12,2996.66,73,4,5,5,Champions
C0297,2026-08-14,3,668.66,45,5,3,4,Loyal
C0298,2026-06-21,1,155.83,99,4,1,1,New / promising
C0299,2026-09-28,14,3018.61,0,5,5,5,Champions
C0300,2026-09-12,10,2071.65,16,5,5,5,Champions
C0301,2025-02-05,2,188.73,600,1,2,2,Hibernating
C0302,2026-06-09,5,888.92,111,4,4,4,Champions
C0303,2026-09-28,11,1455.35,0,5,5,5,Champions
C0304,2026-07-02,12,1966.75,88,4,5,5,Champions
C0305,2025-07-06,3,519.26,449,2,3,3,At risk
C0306,2024-04-24,1,63.07,887,1,1,1,Hibernating
C0307,2025-10-18,7,1404.82,345,2,5,5,Can't lose
C0308,2025-01-12,2,231.74,624,1,2,2,Hibernating
C0309,2026-03-09,2,150.5,203,3,2,1,Needs attention
C0310,2026-06-28,5,1455.1,92,4,4,5,Champions
C0311,2024-09-17,2,149.60000000000002,741,1,2,1,Hibernating
C0312,2026-01-18,3,898.1800000000001,253,2,3,4,At risk
C0313,2026-02-20,5,940.6300000000001,220,3,4,4,Loyal
C0314,2026-07-16,4,696.03,74,4,4,4,Champions
C0315,2025-01-19,2,537.76,617,1,2,3,Hibernating
C0316,2026-07-26,2,237.21,64,4,2,2,New / promising
C0317,2025-04-28,1,132.26,518,1,1,1,Hibernating
C0318,2025-04-02,1,227.91,544,1,1,2,Hibernating
C0319,2026-09-14,5,1189.34,14,5,4,5,Champions
C0320,2026-09-14,3,356.93,14,5,3,3,Loyal
C0321,2025-09-20,1,210.58,373,2,1,2,Hibernating
C0322,2026-09-04,7,1092.73,24,5,5,4,Champions
C0323,2025-10-16,4,1035.26,347,2,4,4,Can't lose
C0324,2024-09-18,4,519.56,740,1,4,3,Can't lose
C0325,2026-02-09,2,323.48,231,3,2,2,Needs attention
C0326,2026-05-17,1,120.53,134,3,1,1,Needs attention
C0327,2025-11-14,3,320.53999999999996,318,2,3,2,At risk
C0328,2026-08-03,1,133.59,56,4,1,1,New / promising
C0329,2026-08-22,2,414.08000000000004,37,5,2,3,New / promising
C0330,2024-07-31,1,167.89,789,1,1,1,Hibernating
C0331,2025-10-14,3,383.90000000000003,349,2,3,3,At risk
C0332,2026-04-23,2,267.24,158,3,2,2,Needs attention
C0333,2025-08-02,3,511.33,422,2,3,3,At risk
C0334,2026-05-26,2,215.14000000000001,125,3,2,2,Needs attention
C0335,2026-06-26,8,1945.71,94,4,5,5,Champions
C0336,2024-04-03,1,223.76,908,1,1,2,Hibernating
C0337,2026-08-09,3,455.32,50,5,3,3,Loyal
C0338,2026-08-11,4,626.0,48,5,4,3,Champions
C0339,2026-06-23,10,2227.9,97,4,5,5,Champions
C0340,2026-02-08,2,379.97,232,3,2,3,Needs attention
C0341,2024-08-03,2,236.62,786,1,2,2,Hibernating
C0342,2026-02-26,5,2115.01,214,3,4,5,Loyal
C0343,2026-04-14,3,692.76,167,3,3,4,Loyal
C0344,2025-04-15,3,283.53,531,1,3,2,At risk
C0345,2026-06-03,1,78.53,117,3,1,1,Needs attention
C0346,2026-03-05,1,42.78,207,3,1,1,Needs attention
C0347,2025-02-14,1,100.97,591,1,1,1,Hibernating
C0348,2026-07-30,3,265.96,60,4,3,2,Loyal
C0349,2026-04-18,4,622.56,163,3,4,3,Loyal
C0350,2026-09-08,5,876.04,20,5,4,4,Champions
C0351,2024-08-02,6,1188.28,787,1,5,5,Can't lose
C0352,2025-07-12,4,552.46,443,2,4,3,Can't lose
C0353,2026-09-03,4,371.11,25,5,4,3,Champions
C0354,2026-09-20,12,1923.4,8,5,5,5,Champions
C0355,2026-07-24,2,473.96,66,4,2,3,New / promising
C0356,2026-09-18,4,914.03,10,5,4,4,Champions
C0357,2024-03-04,1,116.65,938,1,1,1,Hibernating
C0358,2024-09-06,7,1688.08,752,1,5,5,Can't lose
C0359,2026-03-09,3,1529.6799999999998,203,3,3,5,Loyal
C0360,2026-06-27,2,206.18,93,4,2,2,New / promising
C0361,2026-05-11,2,367.3,140,3,2,3,Needs attention
C0362,2026-02-25,3,727.71,215,3,3,4,Loyal
C0363,2026-08-11,3,277.47,48,5,3,2,Loyal
C0364,2026-01-15,1,109.33,256,2,1,1,Hibernating
C0365,2026-01-04,1,173.38,267,2,1,1,Hibernating
C0366,2026-03-22,4,587.47,190,3,4,3,Loyal
C0367,2025-03-08,2,532.2,569,1,2,3,Hibernating
C0368,2026-08-17,1,78.87,42,5,1,1,New / promising
C0369,2025-07-25,2,408.72,430,2,2,3,Hibernating
C0370,2026-09-12,2,425.62,16,5,2,3,New / promising
C0371,2026-03-02,7,1552.48,210,3,5,5,Loyal
C0372,2026-07-14,1,115.38,76,4,1,1,New / promising
C0373,2026-06-14,8,1311.78,106,4,5,5,Champions
C0374,2026-01-11,2,284.22,260,2,2,2,Hibernating
C0375,2026-09-28,9,2668.95,0,5,5,5,Champions
C0376,2025-06-12,1,431.78,473,2,1,3,Hibernating
C0377,2026-03-07,1,97.48,205,3,1,1,Needs attention
C0378,2026-09-18,12,2669.92,10,5,5,5,Champions
C0379,2026-08-24,2,392.94,35,5,2,3,New / promising
C0380,2026-08-09,1,392.03,50,5,1,3,New / promising
C0381,2026-09-05,7,1914.04,23,5,5,5,Champions
C0382,2024-03-27,2,708.21,915,1,2,4,Hibernating
C0383,2026-06-14,2,467.15,106,4,2,3,New / promising
C0384,2026-09-03,2,284.66,25,5,2,2,New / promising
C0385,2026-06-24,1,150.64,96,4,1,1,New / promising
C0386,2026-02-06,1,54.87,234,3,1,1,Needs attention
C0387,2026-08-11,2,538.8199999999999,48,5,2,3,New / promising
C0388,2025-06-26,4,1586.48,459,2,4,5,Can't lose
C0389,2026-02-03,2,595.28,237,2,2,3,Hibernating
C0390,2026-05-02,4,760.3399999999999,149,3,4,4,Loyal
C0391,2026-04-06,3,346.5,175,3,3,2,Loyal
C0392,2026-02-15,4,474.55,225,3,4,3,Loyal
C0393,2026-06-27,7,893.51,93,4,5,4,Champions
C0394,2026-07-01,8,1308.48,89,4,5,5,Champions
C0395,2026-05-31,2,535.98,120,3,2,3,Needs attention
C0396,2026-09-22,5,678.05,6,5,4,4,Champions
C0397,2026-06-11,2,96.28999999999999,109,4,2,1,New / promising
C0398,2026-04-21,4,605.93,160,3,4,3,Loyal
C0399,2026-09-09,8,1715.83,19,5,5,5,Champions
C0400,2024-11-04,1,183.85,693,1,1,2,Hibernating
C0401,2025-12-14,2,272.6,288,2,2,2,Hibernating
C0402,2026-07-07,6,1327.8,83,4,5,5,Champions
C0403,2025-06-28,6,1257.19,457,2,5,5,Can't lose
C0404,2026-07-14,1,343.42,76,4,1,2,New / promising
C0405,2026-05-30,9,2078.08,121,3,5,5,Loyal
C0406,2026-02-15,2,283.77,225,3,2,2,Needs attention
C0407,2024-07-17,3,369.88,803,1,3,3,At risk
C0408,2025-12-18,1,38.85,284,2,1,1,Hibernating
C0409,2026-08-17,8,2315.61,42,5,5,5,Champions
C0410,2024-05-01,1,227.06,880,1,1,2,Hibernating
C0411,2026-05-22,1,848.62,129,3,1,4,Needs attention
C0412,2026-05-10,1,329.47,141,3,1,2,Needs attention
C0413,2024-12-09,2,1023.94,658,1,2,4,Hibernating
C0414,2026-01-09,1,262.6,262,2,1,2,Hibernating
C0415,2026-06-13,4,374.88,107,4,4,3,Champions
C0416,2024-08-21,2,99.45,768,1,2,1,Hibernating
C0417,2026-02-27,4,1195.46,213,3,4,5,Loyal
C0418,2026-06-08,5,888.6899999999999,112,4,4,4,Champions
C0419,2026-07-28,4,348.24,62,4,4,2,Champions
C0420,2026-08-17,2,868.95,42,5,2,4,New / promising
C0421,2026-03-22,7,1603.2,190,3,5,5,Loyal
C0422,2024-07-06,1,89.21,814,1,1,1,Hibernating
C0423,2026-09-05,6,699.1400000000001,23,5,5,4,Champions
C0424,2026-06-21,2,151.67000000000002,99,4,2,1,New / promising
C0425,2025-07-26,7,547.78,429,2,5,3,Can't lose
C0426,2026-09-02,3,607.09,26,5,3,3,Loyal
C0427,2026-05-27,5,1275.0900000000001,124,3,4,5,Loyal
C0428,2024-06-14,2,117.72,836,1,2,1,Hibernating
C0429,2024-12-07,2,204.08,660,1,2,2,Hibernating
C0430,2024-02-29,1,489.78,942,1,1,3,Hibernating
C0431,2026-08-23,9,5103.43,36,5,5,5,Champions
C0432,2026-08-19,7,1135.93,40,5,5,4,Champions
C0433,2026-07-01,1,43.03,89,4,1,1,New / promising
C0434,2026-05-13,2,314.53000000000003,138,3,2,2,Needs attention
C0435,2025-07-25,1,59.98,430,2,1,1,Hibernating
C0436,2025-11-28,1,82.46,304,2,1,1,Hibernating
C0437,2026-08-24,5,708.48,35,5,4,4,Champions
C0438,2025-08-09,3,322.63,415,2,3,2,At risk
C0439,2025-09-23,2,346.75,370,2,2,2,Hibernating
C0440,2025-09-27,4,793.99,366,2,4,4,Can't lose
C0441,2026-09-23,8,1869.85,5,5,5,5,Champions
C0442,2025-01-24,1,127.44,612,1,1,1,Hibernating
C0443,2026-09-26,3,1280.54,2,5,3,5,Loyal
C0444,2026-08-19,7,1915.29,40,5,5,5,Champions
C0445,2026-09-01,5,676.3199999999999,27,5,4,4,Champions
C0446,2026-03-15,2,312.07,197,3,2,2,Needs attention
C0447,2026-03-28,1,265.17,184,3,1,2,Needs attention
C0448,2026-08-31,2,306.26,28,5,2,2,New / promising
C0449,2025-10-06,1,111.06,357,2,1,1,Hibernating
C0450,2025-08-08,6,1926.8600000000001,416,2,5,5,Can't lose
C0451,2025-03-04,2,554.39,573,1,2,3,Hibernating
C0452,2026-08-15,7,2947.0299999999997,44,5,5,5,Champions
C0453,2026-06-21,6,913.51,99,4,5,4,Champions
C0454,2025-10-25,4,1125.41,338,2,4,4,Can't lose
C0455,2026-03-06,4,862.2,206,3,4,4,Loyal
C0456,2026-07-23,4,461.08000000000004,67,4,4,3,Champions
C0457,2026-01-15,8,1461.39,256,2,5,5,Can't lose
C0458,2024-01-08,1,138.38,994,1,1,1,Hibernating
C0459,2024-03-20,1,621.52,922,1,1,3,Hibernating
C0460,2026-08-08,8,1808.51,51,4,5,5,Champions
C0461,2026-08-18,2,240.01999999999998,41,5,2,2,New / promising
C0462,2026-01-31,4,692.88,240,2,4,4,Can't lose
C0463,2026-09-06,15,2912.5,22,5,5,5,Champions
C0464,2026-09-28,19,4694.860000000001,0,5,5,5,Champions
C0465,2026-06-27,1,69.34,93,4,1,1,New / promising
C0466,2025-04-13,2,230.10999999999999,533,1,2,2,Hibernating
C0467,2026-07-13,2,73.77,77,4,2,1,New / promising
C0468,2026-07-26,7,1477.77,64,4,5,5,Champions
C0469,2026-08-27,2,352.36,32,5,2,3,New / promising
C0470,2026-08-22,1,69.89,37,5,1,1,New / promising
C0471,2025-06-05,3,1375.7,480,2,3,5,At risk
C0472,2025-11-27,1,83.79,305,2,1,1,Hibernating
C0473,2025-11-05,1,96.17,327,2,1,1,Hibernating
C0474,2026-08-24,2,422.23,35,5,2,3,New / promising
C0475,2025-10-04,2,215.09000000000003,359,2,2,2,Hibernating
C0476,2026-02-14,9,1965.31,226,3,5,5,Loyal
C0477,2026-07-29,7,1437.8999999999999,61,4,5,5,Champions
C0478,2025-09-12,3,696.87,381,2,3,4,At risk
C0479,2025-12-28,5,1742.8799999999999,274,2,4,5,Can't lose
C0480,2025-09-23,3,509.53,370,2,3,3,At risk
C0481,2024-06-26,1,161.32,824,1,1,1,Hibernating
C0482,2024-02-11,1,249.23,960,1,1,2,Hibernating
C0483,2025-06-02,1,108.3,483,1,1,1,Hibernating
C0484,2026-05-17,3,242.3,134,3,3,2,Loyal
C0485,2024-09-15,1,176.29,743,1,1,1,Hibernating
C0486,2026-05-01,6,1890.1799999999998,150,3,5,5,Loyal
C0487,2025-09-21,3,695.36,372,2,3,4,At risk
C0488,2025-07-07,1,411.86,448,2,1,3,Hibernating
C0489,2026-07-07,10,2069.94,83,4,5,5,Champions
C0490,2026-01-12,1,40.58,259,2,1,1,Hibernating
C0491,2026-01-07,1,232.32,264,2,1,2,Hibernating
C0492,2025-04-09,1,131.18,537,1,1,1,Hibernating
C0493,2025-11-06,5,1031.63,326,2,4,4,Can't lose
C0494,2026-08-01,6,1494.42,58,4,5,5,Champions
C0495,2024-10-09,3,420.36,719,1,3,3,At risk
C0496,2026-03-19,2,562.35,193,3,2,3,Needs attention
C0497,2025-04-01,2,439.58,545,1,3,3,At risk
C0498,2026-08-05,5,1069.63,54,4,4,4,Champions
C0499,2024-12-17,1,83.42,650,1,1,1,Hibernating
C0500,2026-08-16,7,1028.63,43,5,5,4,Champions
C0501,2025-06-15,2,241.94,470,2,3,2,At risk
C0502,2025-10-28,1,102.37,335,2,1,1,Hibernating
C0503,2025-11-27,2,316.98,305,2,3,2,At risk
C0504,2026-02-03,7,901.69,237,2,5,4,Can't lose
C0505,2025-11-28,3,1071.65,304,2,3,4,At risk
C0506,2026-06-09,1,311.71,111,4,1,2,New / promising
C0507,2026-09-17,10,2517.85,11,5,5,5,Champions
C0508,2026-05-24,1,140.84,127,3,1,1,Needs attention
C0509,2026-08-21,4,665.21,38,5,4,4,Champions
C0510,2026-07-09,9,2058.07,81,4,5,5,Champions
C0511,2026-08-19,8,1305.97,40,5,5,5,Champions
C0512,2024-11-17,2,214.84,680,1,3,2,At risk
C0513,2026-06-12,2,164.81,108,4,3,1,Loyal
C0514,2026-02-04,1,148.84,236,3,1,1,Needs attention
C0515,2026-08-31,3,1208.88,28,5,3,5,Loyal
C0516,2026-09-13,2,190.85,15,5,3,2,Loyal
C0517,2025-10-05,4,538.73,358,2,4,3,Can't lose
C0518,2026-05-19,1,44.47,132,3,1,1,Needs attention
C0519,2026-09-09,5,1236.92,19,5,4,5,Champions
C0520,2026-08-24,25,4107.24,35,5,5,5,Champions
C0521,2026-03-06,5,498.90999999999997,206,3,4,3,Loyal
C0522,2026-01-06,6,1209.02,265,2,5,5,Can't lose
C0523,2026-05-17,4,1249.39,134,3,4,5,Loyal
C0524,2025-01-16,1,293.4,620,1,1,2,Hibernating
C0525,2026-08-06,1,440.4,53,4,1,3,New / promising
C0526,2026-08-03,2,192.3,56,4,3,2,Loyal
C0527,2025-02-07,5,1259.49,598,1,4,5,Can't lose
C0528,2026-04-08,6,877.73,173,3,5,4,Loyal
C0529,2026-07-30,9,2730.59,60,4,5,5,Champions
C0530,2026-09-13,4,1027.1499999999999,15,5,4,4,Champions
C0531,2026-05-01,3,273.91999999999996,150,3,3,2,Loyal
C0532,2026-02-05,3,254.46,235,3,3,2,Loyal
C0533,2026-06-03,6,1141.8600000000001,117,3,5,4,Loyal
C0534,2026-08-08,3,285.84000000000003,51,4,3,2,Loyal
C0535,2025-09-18,4,577.98,375,2,4,3,Can't lose
C0536,2024-06-02,1,124.57,848,1,1,1,Hibernating
C0537,2026-06-28,7,1432.83,92,4,5,5,Champions
C0538,2026-08-02,1,438.43,57,4,1,3,New / promising
C0539,2026-06-18,3,503.43000000000006,102,4,3,3,Loyal
C0540,2026-09-17,6,971.97,11,5,5,4,Champions
C0541,2026-06-30,1,300.91,90,4,1,2,New / promising
C0542,2026-05-07,4,1063.56,144,3,4,4,Loyal
C0543,2026-03-23,7,1194.67,189,3,5,5,Loyal
C0544,2026-01-09,5,1021.5799999999999,262,2,4,4,Can't lose
C0545,2026-07-10,5,550.35,80,4,4,3,Champions
C0546,2026-01-20,4,543.4100000000001,251,2,4,3,Can't lose
C0547,2025-05-13,1,170.73,503,1,1,1,Hibernating
C0548,2026-01-31,1,142.28,240,2,1,1,Hibernating
C0549,2026-08-08,2,811.4200000000001,51,4,3,4,Loyal
C0550,2026-07-20,6,826.9300000000001,70,4,5,4,Champions
C0551,2025-10-15,1,192.23,348,2,1,2,Hibernating
C0552,2025-06-06,5,1313.76,479,2,4,5,Can't lose
C0553,2024-10-25,3,232.12,703,1,3,2,At risk
C0554,2024-01-23,1,298.59,979,1,1,2,Hibernating
C0555,2025-07-22,2,224.32,433,2,3,2,At risk
C0556,2026-05-05,1,34.28,146,3,1,1,Needs attention
C0557,2025-03-23,1,176.78,554,1,1,1,Hibernating
C0558,2025-11-30,4,1104.51,302,2,4,4,Can't lose
C0559,2026-08-01,2,480.67,58,4,3,3,Loyal
C0560,2025-05-31,5,1487.98,485,1,4,5,Can't lose
C0561,2026-08-18,2,261.92,41,5,3,2,Loyal
C0562,2026-09-24,2,514.73,4,5,3,3,Loyal
C0563,2026-06-10,2,331.04,110,4,3,2,Loyal
C0564,2026-06-04,3,1201.83,116,4,3,5,Loyal
C0565,2026-09-18,4,613.8199999999999,10,5,4,3,Champions
C0566,2026-06-30,2,307.03999999999996,90,4,3,2,Loyal
C0567,2024-02-08,1,87.73,963,1,1,1,Hibernating
C0568,2025-11-15,4,361.17,317,2,4,3,Can't lose
C0569,2024-04-09,1,56.68,902,1,1,1,Hibernating
C0570,2026-08-30,3,439.55,29,5,3,3,Loyal
C0571,2026-09-08,15,1608.77,20,5,5,5,Champions
C0572,2025-08-22,3,940.4300000000001,402,2,3,4,At risk
C0573,2026-05-05,4,949.76,146,3,4,4,Loyal
C0574,2025-06-19,3,293.72,466,2,3,2,At risk
C0575,2026-07-24,18,2121.05,66,4,5,5,Champions
C0576,2026-05-14,7,987.98,137,3,5,4,Loyal
C0577,2025-09-17,3,577.46,376,2,3,3,At risk
C0578,2026-01-01,2,414.79,270,2,3,3,At risk
C0579,2025-04-14,1,127.64,532,1,1,1,Hibernating
C0580,2026-06-04,5,1218.14,116,4,4,5,Champions
C0581,2025-10-11,3,458.64,352,2,3,3,At risk
C0582,2026-07-01,4,826.1700000000001,89,4,4,4,Champions
C0583,2024-03-18,1,52.41,924,1,1,1,Hibernating
C0584,2026-03-29,6,1056.1200000000001,183,3,5,4,Loyal
C0585,2025-09-20,1,306.72,373,2,1,2,Hibernating
C0586,2026-08-07,3,217.41,52,4,3,2,Loyal
C0587,2026-08-30,3,621.39,29,5,3,3,Loyal
C0588,2025-05-17,2,495.97,499,1,3,3,At risk
C0589,2024-01-31,1,113.89,971,1,1,1,Hibernating
C0590,2026-09-01,4,591.1600000000001,27,5,4,3,Champions
C0591,2026-09-06,2,305.53,22,5,3,2,Loyal
C0592,2026-04-06,5,943.94,175,3,4,4,Loyal
C0593,2026-05-15,9,1842.24,136,3,5,5,Loyal
C0594,2025-11-26,2,340.5,306,2,3,2,At risk
C0595,2026-03-15,3,1057.9,197,3,3,4,Loyal
C0596,2026-09-16,9,870.59,12,5,5,4,Champions
C0597,2026-06-29,6,795.13,91,4,5,4,Champions
C0598,2026-08-15,6,877.77,44,5,5,4,Champions
C0599,2026-08-13,4,272.83,46,5,4,2,Champions
C0600,2026-06-15,12,3307.35,105,4,5,5,Champions
C0601,2026-02-28,7,1731.5,212,3,5,5,Loyal
C0602,2026-07-23,1,250.95,67,4,1,2,New / promising
C0603,2025-05-04,3,372.61,512,1,3,3,At risk
C0604,2026-07-02,7,1232.66,88,4,5,5,Champions
C0605,2026-07-28,2,439.36,62,4,3,3,Loyal
C0606,2025-02-13,1,50.96,592,1,1,1,Hibernating
C0607,2026-08-08,1,206.78,51,5,1,2,New / promising
C0608,2026-04-17,8,4648.66,164,3,5,5,Loyal
C0609,2026-09-21,14,2134.54,7,5,5,5,Champions
C0610,2025-01-21,1,109.03,615,1,1,1,Hibernating
C0611,2026-03-08,3,528.71,204,3,3,3,Loyal
C0612,2026-01-16,1,238.3,255,2,1,2,Hibernating
C0613,2026-08-12,1,77.16,47,5,1,1,New / promising
C0614,2026-07-16,15,3005.87,74,4,5,5,Champions
C0615,2026-09-13,2,419.89,15,5,3,3,Loyal
C0616,2026-09-16,2,282.33,12,5,3,2,Loyal
C0617,2026-07-05,3,843.6400000000001,85,4,3,4,Loyal
C0618,2026-05-21,1,79.44,130,3,1,1,Needs attention
C0619,2026-06-06,8,1350.12,114,4,5,5,Champions
C0620,2026-08-29,3,1013.4100000000001,30,5,3,4,Loyal
C0621,2026-07-21,1,417.65,69,4,1,3,New / promising
C0622,2026-02-15,1,62.82,225,3,1,1,Needs attention
C0623,2026-07-01,1,45.66,89,4,1,1,New / promising
C0624,2024-04-05,4,383.65000000000003,906,1,4,3,Can't lose
C0625,2026-05-29,3,715.89,122,3,3,4,Loyal
C0626,2026-08-22,11,1820.97,37,5,5,5,Champions
C0627,2024-11-13,1,288.74,684,1,1,2,Hibernating
C0628,2026-02-04,4,505.41,236,3,4,3,Loyal
C0629,2026-08-21,12,2582.09,38,5,5,5,Champions
C0630,2025-05-09,2,415.03999999999996,507,1,3,3,At risk
C0631,2026-08-27,5,2219.61,32,5,4,5,Champions
C0632,2026-08-17,5,943.45,42,5,4,4,Champions
C0633,2026-09-25,6,1055.44,3,5,5,4,Champions
C0634,2026-01-18,2,169.98000000000002,253,2,3,1,At risk
C0635,2025-02-23,1,162.75,582,1,1,1,Hibernating
C0636,2026-06-15,5,1777.6299999999999,105,4,4,5,Champions
C0637,2026-07-19,9,1883.25,71,4,5,5,Champions
C0638,2026-09-16,12,2273.16,12,5,5,5,Champions
C0639,2026-07-08,6,1407.56,82,4,5,5,Champions
C0640,2025-12-30,1,191.18,272,2,1,2,Hibernating
C0641,2026-01-28,3,675.46,243,2,3,4,At risk
C0642,2026-04-24,1,380.7,157,3,1,3,Needs attention
C0643,2026-08-09,1,50.92,50,5,1,1,New / promising
C0644,2024-01-04,1,261.75,998,1,1,2,Hibernating
C0645,2026-07-18,3,582.76,72,4,3,3,Loyal
C0646,2026-06-28,2,281.19,92,4,3,2,Loyal
C0647,2026-04-27,2,296.97,154,3,3,2,Loyal
C0648,2026-07-25,8,2115.09,65,4,5,5,Champions
C0649,2026-07-04,6,999.5600000000001,86,4,5,4,Champions
C0650,2026-02-14,7,967.12,226,3,5,4,Loyal
C0651,2025-06-06,2,451.4,479,2,3,3,At risk
C0652,2024-03-03,1,129.75,939,1,1,1,Hibernating
C0653,2026-07-25,2,450.95,65,4,3,3,Loyal
C0654,2026-01-24,1,55.59,247,2,1,1,Hibernating
C0655,2026-08-14,7,1359.28,45,5,5,5,Champions
C0656,2026-08-24,1,144.81,35,5,1,1,New / promising
C0657,2026-05-28,2,268.99,123,3,3,2,Loyal
C0658,2025-07-14,2,321.68,441,2,3,2,At risk
C0659,2025-04-04,2,495.14,542,1,3,3,At risk
C0660,2026-05-17,2,257.24,134,3,3,2,Loyal
C0661,2025-10-25,5,930.12,338,2,4,4,Can't lose
C0662,2026-05-03,2,800.13,148,3,3,4,Loyal
C0663,2025-10-10,2,728.64,353,2,3,4,At risk
C0664,2026-04-02,6,654.8800000000001,179,3,5,4,Loyal
C0665,2025-08-03,1,57.72,421,2,2,1,Hibernating
C0666,2025-10-25,1,582.41,338,2,2,3,Hibernating
C0667,2024-07-19,1,155.01,801,1,2,1,Hibernating
C0668,2024-12-14,3,644.53,653,1,3,4,At risk
C0669,2026-07-02,5,681.78,88,4,4,4,Champions
C0670,2024-05-05,1,173.71,876,1,2,1,Hibernating
C0671,2026-09-13,3,636.1700000000001,15,5,3,3,Loyal
C0672,2025-01-14,5,579.52,622,1,4,3,Can't lose
C0673,2026-03-03,2,373.84,209,3,3,3,Loyal
C0674,2026-07-28,6,1529.18,62,4,5,5,Champions
C0675,2025-01-19,1,350.68,617,1,2,3,Hibernating
C0676,2025-11-23,3,412.59,309,2,3,3,At risk
C0677,2026-09-12,6,643.45,16,5,5,3,Champions
C0678,2026-06-30,3,381.53,90,4,3,3,Loyal
C0679,2025-10-21,1,171.29,342,2,2,1,Hibernating
C0680,2026-08-10,3,423.65000000000003,49,5,3,3,Loyal
C0681,2025-07-09,2,718.6700000000001,446,2,3,4,At risk
C0682,2026-08-12,6,2061.27,47,5,5,5,Champions
C0683,2026-07-19,5,847.69,71,4,4,4,Champions
C0684,2024-06-27,1,104.36,823,1,2,1,Hibernating
C0685,2026-05-07,1,316.54,144,3,2,2,Needs attention
C0686,2026-06-11,5,730.5,109,4,4,4,Champions
C0687,2026-08-26,9,1783.4,33,5,5,5,Champions
C0688,2026-08-27,2,199.26,32,5,3,2,Loyal
C0689,2025-01-19,2,376.69,617,1,3,3,At risk
C0690,2025-04-14,4,665.3,532,1,4,4,Can't lose
C0691,2026-08-09,6,1343.3600000000001,50,5,5,5,Champions
C0692,2025-09-30,1,150.83,363,2,2,1,Hibernating
C0693,2025-12-20,5,1266.05,282,2,4,5,Can't lose
C0694,2026-08-20,5,1144.42,39,5,4,4,Champions
C0695,2026-06-14,6,938.36,106,4,5,4,Champions
C0696,2026-02-03,7,1407.54,237,3,5,5,Loyal
C0697,2026-05-08,2,231.93,143,3,3,2,Loyal
C0698,2026-06-08,4,1158.21,112,4,4,5,Champions
C0699,2025-04-20,2,545.48,526,1,3,3,At risk
C0700,2026-05-10,6,890.02,141,3,5,4,Loyal
C0701,2025-11-11,7,1306.2600000000002,321,2,5,5,Can't lose
C0702,2026-07-20,5,684.98,70,4,4,4,Champions
C0703,2025-07-01,1,178.21,454,2,2,1,Hibernating
C0704,2026-07-25,11,2290.27,65,4,5,5,Champions
C0705,2026-03-13,3,358.56,199,3,3,3,Loyal
C0706,2026-03-03,1,119.63,209,3,2,1,Needs attention
C0707,2026-09-12,2,60.86,16,5,3,1,Loyal
C0708,2026-09-10,2,516.45,18,5,3,3,Loyal
C0709,2026-07-06,3,947.01,84,4,4,4,Champions
C0710,2026-09-01,5,965.11,27,5,4,4,Champions
C0711,2025-09-11,4,949.65,382,2,4,4,Can't lose
C0712,2026-01-01,1,122.02,270,2,2,1,Hibernating
C0713,2024-01-25,1,106.45,977,1,2,1,Hibernating
C0714,2026-02-11,9,1867.28,229,3,5,5,Loyal
C0715,2025-09-05,1,306.94,388,2,2,2,Hibernating
C0716,2026-07-25,1,111.17,65,4,2,1,New / promising
C0717,2026-03-23,5,975.51,189,3,4,4,Loyal
C0718,2026-04-17,2,475.53000000000003,164,3,3,3,Loyal
C0719,2025-02-08,2,289.58,597,1,3,2,At risk
C0720,2024-05-22,1,330.09,859,1,2,2,Hibernating
C0721,2026-03-26,4,1108.98,186,3,4,4,Loyal
C0722,2025-11-07,3,706.26,325,2,4,4,Can't lose
C0723,2026-05-04,10,1949.45,147,3,5,5,Loyal
C0724,2025-07-07,5,940.23,448,2,4,4,Can't lose
C0725,2026-04-06,6,1057.8,175,3,5,4,Loyal
C0726,2026-03-07,2,954.82,205,3,3,4,Loyal
C0727,2026-07-07,4,1460.71,83,4,4,5,Champions
C0728,2024-11-25,1,92.98,672,1,2,1,Hibernating
C0729,2025-09-28,2,357.01,365,2,3,3,At risk
C0730,2026-06-16,1,104.0,104,4,2,1,New / promising
C0731,2026-08-14,8,2251.81,45,5,5,5,Champions
C0732,2026-07-12,15,2838.43,78,4,5,5,Champions
C0733,2025-05-28,3,1320.35,488,1,4,5,Can't lose
C0734,2025-08-25,2,275.06,399,2,3,2,At risk
C0735,2026-08-28,3,536.96,31,5,4,3,Champions
C0736,2025-12-31,2,483.55000000000007,271,2,3,3,At risk
C0737,2026-09-23,3,308.23,5,5,4,2,Champions
C0738,2026-09-18,9,3109.75,10,5,5,5,Champions
C0739,2026-09-23,6,940.78,5,5,5,4,Champions
C0740,2026-06-05,1,164.25,115,4,2,1,New / promising
C0741,2026-08-05,5,837.66,54,4,4,4,Champions
C0742,2026-08-20,14,3244.91,39,5,5,5,Champions
C0743,2024-05-11,2,382.74,870,1,3,3,At risk
C0744,2025-11-15,5,1334.94,317,2,4,5,Can't lose
C0745,2025-10-18,1,154.87,345,2,2,1,Hibernating
C0746,2026-08-19,3,930.45,40,5,4,4,Champions
C0747,2025-09-06,3,1044.21,387,2,4,4,Can't lose
C0748,2026-08-29,1,166.57,30,5,2,1,New / promising
C0749,2026-07-22,1,90.95,68,4,2,1,New / promising
C0750,2024-10-01,3,480.58,727,1,4,3,Can't lose
C0751,2026-07-17,7,456.52,73,4,5,3,Champions
C0752,2026-02-21,3,265.26,219,3,4,2,Loyal
C0753,2026-02-26,3,426.77,214,3,4,3,Loyal
C0754,2026-04-17,2,554.95,164,3,3,3,Loyal
C0755,2026-08-23,5,1341.25,36,5,4,5,Champions
C0756,2026-04-21,6,654.93,160,3,5,4,Loyal
C0757,2026-05-05,6,1129.03,146,3,5,4,Loyal
C0758,2025-07-21,5,1031.98,434,2,4,4,Can't lose
C0759,2026-07-21,4,565.0899999999999,69,4,4,3,Champions
C0760,2026-06-10,2,594.27,110,4,3,3,Loyal
C0761,2025-08-18,2,368.67,406,2,3,3,At risk
C0762,2026-08-14,6,1470.45,45,5,5,5,Champions
C0763,2025-01-10,2,369.01,626,1,3,3,At risk
C0764,2026-05-19,3,1017.1899999999999,132,3,4,4,Loyal
C0765,2026-07-22,5,654.4,68,4,4,4,Champions
C0766,2025-05-26,4,1021.43,490,1,4,4,Can't lose
C0767,2024-10-23,2,310.22,705,1,3,2,At risk
C0768,2026-08-15,1,203.27,44,5,2,2,New / promising
C0769,2024-08-27,2,386.76,762,1,3,3,At risk
C0770,2026-01-15,4,407.44,256,2,4,3,Can't lose
C0771,2026-08-17,2,168.54,42,5,3,1,Loyal
C0772,2026-06-20,2,292.63,100,4,3,2,Loyal
C0773,2024-09-22,2,284.0,736,1,3,2,At risk
C0774,2026-07-30,3,340.54,60,4,4,2,Champions
C0775,2025-12-16,1,27.36,286,2,2,1,Hibernating
C0776,2026-09-16,4,359.98,12,5,4,3,Champions
C0777,2026-08-26,2,980.72,33,5,3,4,Loyal
C0778,2026-09-24,4,1184.8600000000001,4,5,4,5,Champions
C0779,2026-04-03,2,240.44,178,3,3,2,Loyal
C0780,2026-06-28,2,271.92,92,4,3,2,Loyal
C0781,2026-07-28,1,48.02,62,4,2,1,New / promising
C0782,2025-07-13,1,432.46,442,2,2,3,Hibernating
C0783,2026-08-08,2,220.01,51,5,3,2,Loyal
C0784,2025-12-11,2,683.85,291,2,3,4,At risk
C0785,2026-03-20,3,720.8,192,3,4,4,Loyal
C0786,2026-07-17,1,50.45,73,4,2,1,New / promising
C0787,2026-04-03,1,109.51,178,3,2,1,Needs attention
C0788,2026-06-02,4,1514.53,118,3,4,5,Loyal
C0789,2026-07-20,1,89.39,70,4,2,1,New / promising
C0790,2026-07-02,10,1120.8,88,4,5,4,Champions
C0791,2025-12-02,1,315.65,300,2,2,2,Hibernating
C0792,2024-04-07,2,367.25,904,1,3,3,At risk
C0793,2026-05-10,9,2184.3199999999997,141,3,5,5,Loyal
C0794,2025-02-06,2,179.32,599,1,3,2,At risk
C0795,2026-09-12,4,382.32,16,5,4,3,Champions
C0796,2025-01-14,1,2402.43,622,1,2,5,Hibernating
C0797,2025-08-07,2,784.8399999999999,417,2,3,4,At risk
C0798,2026-03-20,2,237.63,192,3,3,2,Loyal
C0799,2026-09-17,8,1548.75,11,5,5,5,Champions
C0800,2025-12-29,2,202.79999999999998,273,2,3,2,At risk
C0801,2026-02-16,2,89.63,224,3,3,1,Loyal
C0802,2026-08-17,1,1268.03,42,5,2,5,New / promising
C0803,2026-09-21,3,615.48,7,5,4,3,Champions
C0804,2025-08-20,5,735.55,404,2,4,4,Can't lose
C0805,2026-01-12,2,575.34,259,2,3,3,At risk
C0806,2025-07-10,3,268.21000000000004,445,2,4,2,Can't lose
C0807,2025-01-12,1,220.82,624,1,2,2,Hibernating
C0808,2025-08-31,2,281.1,393,2,3,2,At risk
C0809,2026-05-23,6,548.87,128,3,5,3,Loyal
C0810,2026-02-24,3,838.12,216,3,4,4,Loyal
C0811,2025-04-18,3,377.88,528,1,4,3,Can't lose
C0812,2026-03-22,12,1839.8,190,3,5,5,Loyal
C0813,2025-11-05,3,501.16999999999996,327,2,4,3,Can't lose
C0814,2026-02-21,2,152.47,219,3,3,1,Loyal
C0815,2025-11-25,2,447.31,307,2,3,3,At risk
C0816,2026-07-21,5,1734.1699999999998,69,4,4,5,Champions
C0817,2026-01-06,2,482.40999999999997,265,2,3,3,At risk
C0818,2026-04-30,1,48.63,151,3,2,1,Needs attention
C0819,2025-03-15,2,201.12,562,1,3,2,At risk
C0820,2026-06-27,11,1397.65,93,4,5,5,Champions
C0821,2025-04-13,1,163.33,533,1,2,1,Hibernating
C0822,2026-08-30,5,699.63,29,5,4,4,Champions
C0823,2025-03-12,1,127.17,565,1,2,1,Hibernating
C0824,2025-08-26,4,592.0699999999999,398,2,4,3,Can't lose
C0825,2026-04-04,3,465.8,177,3,4,3,Loyal
C0826,2026-08-25,1,87.4,34,5,2,1,New / promising
C0827,2026-07-27,1,64.5,63,4,2,1,New / promising
C0828,2026-07-20,4,708.26,70,4,4,4,Champions
C0829,2026-08-26,6,1104.56,33,5,5,4,Champions
C0830,2026-01-29,1,126.08,242,2,2,1,Hibernating
C0831,2025-11-10,1,46.68,322,2,2,1,Hibernating
C0832,2026-06-03,1,76.18,117,3,2,1,Needs attention
C0833,2026-07-26,2,213.92000000000002,64,4,3,2,Loyal
C0834,2025-11-14,2,77.47,318,2,3,1,At risk
C0835,2026-03-02,5,897.49,210,3,4,4,Loyal
C0836,2026-08-20,8,1591.38,39,5,5,5,Champions
C0837,2026-07-12,2,259.83,78,4,3,2,Loyal
C0838,2026-09-25,2,313.48,3,5,3,2,Loyal
C0839,2026-02-15,1,95.24,225,3,2,1,Needs attention
C0840,2026-06-05,3,593.9100000000001,115,4,4,3,Champions
C0841,2026-08-29,2,537.01,30,5,3,3,Loyal
C0842,2026-09-19,4,1050.21,9,5,4,4,Champions
C0843,2026-02-05,5,1301.92,235,3,4,5,Loyal
C0844,2026-09-13,7,1347.05,15,5,5,5,Champions
C0845,2025-02-01,2,292.93,604,1,3,2,At risk
C0846,2026-07-19,3,266.11,71,4,4,2,Champions
C0847,2026-08-04,6,1253.44,55,4,5,5,Champions
C0848,2026-05-11,4,3586.7,140,3,4,5,Loyal
C0849,2026-07-12,2,284.9,78,4,3,2,Loyal
C0850,2026-04-05,7,954.03,176,3,5,4,Loyal
C0851,2026-08-11,2,164.34,48,5,3,1,Loyal
C0852,2024-03-22,3,539.93,920,1,4,3,Can't lose
C0853,2026-03-04,1,142.46,208,3,2,1,Needs attention
C0854,2026-07-23,2,162.6,67,4,3,1,Loyal
C0855,2025-06-02,4,659.4200000000001,483,1,4,4,Can't lose
C0856,2025-11-26,3,650.26,306,2,4,4,Can't lose
C0857,2025-04-25,1,204.68,521,1,2,2,Hibernating
C0858,2026-02-16,1,182.46,224,3,2,2,Needs attention
C0859,2025-03-09,4,1203.8400000000001,568,1,4,5,Can't lose
C0860,2026-06-13,9,2876.4500000000003,107,4,5,5,Champions
C0861,2026-05-12,1,229.12,139,3,2,2,Needs attention
C0862,2025-03-20,1,568.65,557,1,2,3,Hibernating
C0863,2025-03-15,1,157.18,562,1,2,1,Hibernating
C0864,2026-07-11,2,360.34,79,4,3,3,Loyal
C0865,2024-05-29,1,243.05,852,1,2,2,Hibernating
C0866,2025-04-26,1,117.46,520,1,2,1,Hibernating
C0867,2024-10-02,1,109.3,726,1,2,1,Hibernating
C0868,2025-09-11,1,298.46,382,2,2,2,Hibernating
C0869,2026-02-27,5,1265.9,213,3,4,5,Loyal
C0870,2026-06-15,1,462.56,105,4,2,3,New / promising
C0871,2024-08-27,1,459.78,762,1,2,3,Hibernating
C0872,2026-04-15,1,202.7,166,3,2,2,Needs attention
C0873,2025-08-04,4,1053.03,420,2,4,4,Can't lose
C0874,2026-01-31,2,464.74,240,2,3,3,At risk
C0875,2026-08-20,5,983.08,39,5,5,4,Champions
C0876,2026-08-29,5,1036.41,30,5,5,4,Champions
C0877,2025-08-09,2,158.58,415,2,3,1,At risk
C0878,2026-09-25,2,114.08000000000001,3,5,3,1,Loyal
C0879,2026-04-28,3,1297.43,153,3,4,5,Loyal
C0880,2026-08-31,6,1373.83,28,5,5,5,Champions
C0881,2026-05-30,3,492.59,121,3,4,3,Loyal
C0882,2026-09-06,5,1061.78,22,5,5,4,Champions
C0883,2026-09-07,2,428.53000000000003,21,5,3,3,Loyal
C0884,2026-01-16,4,916.28,255,2,4,4,Can't lose
C0885,2026-05-15,1,162.19,136,3,2,1,Needs attention
C0886,2026-05-10,1,216.68,141,3,2,2,Needs attention
C0887,2026-07-26,6,998.9300000000001,64,4,5,4,Champions
C0888,2025-10-16,1,357.0,347,2,2,3,Hibernating
C0889,2026-05-11,1,94.43,140,3,2,1,Needs attention
C0890,2024-05-13,2,729.7,868,1,3,4,At risk
C0891,2026-07-02,3,353.8,88,4,4,3,Champions
C0892,2026-08-22,7,1418.47,37,5,5,5,Champions
C0893,2024-05-30,3,298.02,851,1,4,2,Can't lose
C0894,2026-08-25,4,817.22,34,5,4,4,Champions
C0895,2025-07-10,1,44.95,445,2,2,1,Hibernating
C0896,2024-10-17,2,398.49,711,1,3,3,At risk
C0897,2026-08-21,12,2552.4900000000002,38,5,5,5,Champions
C0898,2026-08-05,1,191.87,54,4,2,2,New / promising
C0899,2026-08-07,3,295.25,52,4,4,2,Champions
